Name,Rating,Rating Count,Price Category,Address,ZipCode
The Firehouse Family Restaurant & Bar,4.6,549,1,"42 Plauderville Ave, Garfield, NJ 07026",7026
H Restaurant & SS Restaurant,,,,"510 S River St, Hackensack, NJ 07601",7601
Joe's Restaurant,4.6,812,2,"6611 Forest Ave, Ridgewood, NY 11385",11385
Mompou Tapas Bar & Restaurant,4.4,1136,2,"77 Ferry St, Newark, NJ 07105",7105
Rasoi,3.9,1904,2,"810 Newark Ave, Jersey City, NJ 07306",7306
Restaurant Oyola,4.2,438,2,"470 Roseville Ave, Newark, NJ 07107",7107
Mexican Cantina Restaurant & Bar,4.5,257,2,"1736 Victory Blvd, Staten Island, NY 10314",10314
Sublime Restaurant,4.7,14,,"16-A NJ-5, Palisades Park, NJ 07650",7650
Golden Krust Caribbean Restaurant,3.7,82,1,"1014a Nostrand Ave, Brooklyn, NY 11225",11225
Bravo Restaurant,4.4,61,2,"1000 Bergenline Ave, Union City, NJ 07087",7087
Elia Mediterranean Restaurant,4.3,1587,3,"240 Hackensack St, East Rutherford, NJ 07073",7073
EcuAmerica Restaurant,3.8,124,,"4 Kearny Ave, Kearny, NJ 07032",7032
POLONICA RESTAURANT,4.5,227,2,"8303 3rd Ave, Brooklyn, NY 11209",11209
Serafina Italian Restaurant Tribeca,4.3,1057,2,"95 W Broadway, New York, NY 10007",10007
Krakus Restaurant,4.4,262,1,"208 Main Ave #1442, Wallington, NJ 07057",7057
Rico Rico Restaurant,4.1,290,1,"7708 Bergenline Ave, North Bergen, NJ 07047",7047
Golden Krust Caribbean Restaurant,3.3,162,1,"1655 Pitkin Ave, Brooklyn, NY 11207",11207
El Nuevo Jaya Restaurant,4.3,188,1,"79 Audubon Ave, New York, NY 10032",10032
უბანი,4.7,518,2,"Georgian Cuisine, 8309 3rd Ave, Brooklyn, NY 11209",11209
Ukrainian East Village Restaurant,4.4,694,2,"140 2nd Ave, New York, NY 10003",10003
Colonie,4.6,872,3,"127 Atlantic Ave, Brooklyn, NY 11201",11201
Nuria's Restaurant,4.1,512,1,"13816 Jamaica Ave, Queens, NY 11435",11435
Oceana,4.5,1232,4,"120 W 49th St, New York, NY 10020",10020
Junior's Restaurant & Bakery,4.4,11444,2,"386 Flatbush Ave Ext, Brooklyn, NY 11201",11201
Restaurant Relax,4.8,166,1,"68A Newel St, Brooklyn, NY 11222",11222
Gyro king Restaurant,3.2,132,,"838 Main St, Paterson, NJ 07503",7503
Breniz restaurant,3.9,53,,"7816 New Utrecht Ave, Brooklyn, NY 11214",11214
Family c restaurant,4.5,101,,"85 Kearny Ave, Kearny, NJ 07032",7032
Junction Seafood Restaurant / Fast & Fresh Comida Típica,4.5,97,2,"34-64 Junction Blvd, Queens, NY 11372",11372
El Patron Restaurant & Lounge,3.6,684,1,"520 Bay St, Staten Island, NY 10304",10304
Andy's Restaurant,4,127,,"2262 3rd Ave, Bronx, NY 10035",10035
La Guayaca Restaurant,4.4,651,2,"74 Monroe St, Newark, NJ 07105",7105
Restaurant El Rinconcito De Doña Maria,3.8,273,1,"255 Kearny Ave, Kearny, NJ 07032",7032
New Dyker Restaurant,4.3,208,2,"8505 18th Ave, Brooklyn, NY 11214",11214
Benares,4.2,1841,2,"45 Murray St, New York, NY 10007",10007
Puerto Plata Restaurant,4.2,162,2,"3123 Fulton St, Brooklyn, NY 11208",11208
Mister Gusto Restaurant,4.1,44,,"903 Bergen Ave, Jersey City, NJ 07306",7306
El Pio Pio,3.9,405,1,"449 Central Ave, Jersey City, NJ 07307",7307
Villard,4,93,4,"455 Madison Avenue at, E 50th St, New York, NY 10022",10022
Restaurant Pearl,4.3,13,2,"33 Peck Slip, New York, NY 10038",10038
Lasagna Restaurant,4.2,795,2,"196 8th Ave Corner, W 20th St of, New York, NY 10011",10011
El Jardin Restaurant,4.1,388,2,"769 Main Ave, Passaic, NJ 07055",7055
Panini Grill,4.6,1301,2,"538 Forest Ave, Staten Island, NY 10310",10310
La Bottiglia Italian Restaurant,4.7,110,2,"293 Port Richmond Ave, Staten Island, NY 10302",10302
Rocky's Restaurant,4.2,296,,"294 Kearny Ave, Kearny, NJ 07032",7032
La Loteria Restaurant,4.4,59,1,"49 Parker Ave, Passaic, NJ 07055",7055
Mundo Latino Restaurant & Bakery,4.7,29,1,"169 Anderson Ave, Fairview, NJ 07022",7022
Priory Restaurant,4.5,184,,"233 W Market St, Newark, NJ 07103",7103
Pastai Restaurant,4.2,425,2,"186 9th Ave, New York, NY 10011",10011
Bareli's Restaurant and Bar,4.6,561,3,"219 NJ-3, Secaucus, NJ 07094",7094
Angie's Deli & Restaurant,4.3,234,1,"125 Market St, Passaic, NJ 07055",7055
Salinas Restaurant,4.6,1132,3,"136 9th Ave, New York, NY 10011",10011
Immanuel Restaurant INC,4.2,65,1,"799 Stanley Ave, Brooklyn, NY 11207",11207
CZEN Restaurant,4.5,860,2,"4410 Avenue H, Brooklyn, NY 11234",11234
Gotham Restaurant,4.5,1334,4,"12 E 12th St, New York, NY 10003",10003
Ruyi,3.6,55,1,"5221 Fort Hamilton Pkwy, Brooklyn, NY 11219",11219
BV Tuscany Restaurant,4.7,271,2,"368 Cedar Ln, Teaneck, NJ 07666",7666
Venus Bar and Restaurant,4.4,1545,2,"68 Central Ave, Passaic, NJ 07055",7055
Joe & Pat's Pizzeria & Restaurant,4.4,1180,2,"1758 Victory Blvd, Staten Island, NY 10314",10314
Lokanta Turkish Restaurant,4.9,75,2,"8312 5th Ave, Brooklyn, NY 11209",11209
Lancer's Restaurant,4.2,653,2,"459 Ferry St, Newark, NJ 07105",7105
Alfaro's Restaurant,4,120,,"149 Anderson Ave, Fairview, NJ 07022",7022
Spanish Sangria,4.5,447,2,"157 Magazine St, Newark, NJ 07105",7105
Thalassa Restaurant,4.5,428,3,"179 Franklin St, New York, NY 10013",10013
DIG,4.3,547,1,"80 Pine St, New York, NY 10005",10005
Beijing Restaurant,3.7,49,2,"196 Boulevard, Hasbrouck Heights, NJ 07604",7604
ჩიზბოუთი,4.3,893,2,"80 Berry St, Brooklyn, NY 11249",11249
Vu,4,266,3,"2 Exchange Pl, Jersey City, NJ 07302",7302
Chicos Pizza and Restaurant,4.7,18,1,"161 Front St, Secaucus, NJ 07094",7094
El Tololoche mexican restaurant,4.3,415,2,"7201 16th Ave, Brooklyn, NY 11204",11204
Guantanamera,4.4,2690,2,"939 8th Ave, New York, NY 10019",10019
taïm mediterranean kitchen,4.3,313,1,"75 Maiden Ln, New York, NY 10038",10038
Dynasty Chinese Restaurant - Brooklyn,4.1,232,1,"1669 Flatbush Ave, Brooklyn, NY 11210",11210
Beirut Restaurant,4.2,1456,2,"1543 Main Ave, Clifton, NJ 07011",7011
La Casona SalvyCub Restaurant,4.6,174,,"414 38th St, Union City, NJ 07087",7087
Cafe Milano Pizzeria and Restaurant,4.2,358,2,"401 Forest Ave, Staten Island, NY 10310",10310
O'Hara's Restaurant and Pub,4.6,4660,2,"120 Cedar St, New York, NY 10006",10006
Chez Moi,4.5,603,2,"135 Atlantic Ave, Brooklyn, NY 11201",11201
Ivy Inn Restaurant & Bar,4.2,450,,"268 Terrace Ave, Hasbrouck Heights, NJ 07604",7604
The Soul Spot,4.2,1084,2,"302 Atlantic Ave, Brooklyn, NY 11201",11201
No.5 restaurant 五号食堂,4,10,1,"968 58th St, Brooklyn, NY 11219",11219
Al Raouche Restaurant,4.3,453,1,"169 Crooks Ave, Paterson, NJ 07503",7503
Tulcingo Restaurant,3.7,479,2,"5520 5th Ave, Brooklyn, NY 11220",11220
Viva Mexico Restaurant,4.6,166,2,"1474 86th St, Brooklyn, NY 11228",11228
Kan Zamaan Restaurant,4.3,458,2,"247 Buffalo Ave, Paterson, NJ 07503",7503
Radhuni Sweets & Restaurant,3.9,524,1,"483 McDonald Ave, Brooklyn, NY 11218",11218
Buttonwood Restaurant and Bar,,,,"120 Water St, New York, NY 10005",10005
ilili Restaurant,4.5,3411,3,"236 5th Ave, New York, NY 10001",10001
The Franklin Bar & Restaurant,4.6,162,2,"780 5th St, Secaucus, NJ 07094",7094
Quisqueya Restaurant,4.1,110,2,"214 Bright St, Jersey City, NJ 07302",7302
Schilling Restaurant & Bar,4.4,498,3,"109 Washington St, New York, NY 10006",10006
Golden Krust Caribbean Restaurant,4.1,217,1,"568 Flatbush Ave, Brooklyn, NY 11225",11225
Sabores Latinos Restaurant,4.3,18,,"2201 Summit Ave, Union City, NJ 07087",7087
Maria's Restaurant,4.6,68,,"24 Market St, Passaic, NJ 07055",7055
Bayonne BBQ & Wings,4.1,57,2,"523 John F. Kennedy Blvd, Bayonne, NJ 07002",7002
Lily House Chinese Restaurant,4.1,120,2,"420 Kearny Ave, Kearny, NJ 07032",7032
La Kausa Restaurant,4.5,620,2,"7815 Bergenline Ave Suite 2, North Bergen, NJ 07047",7047
Estelita,4.2,174,,"7007 Bergenline Ave, North Bergen, NJ 07047",7047
Nicole's Caribbean Restaurant,3.9,200,2,"521 Jersey Ave, Jersey City, NJ 07302",7302
DIG,4.1,168,1,"225 Liberty St, New York, NY 10281",10281
George's,4.3,2889,2,"89 Greenwich St, New York, NY 10006",10006
Subway,3.5,92,1,"1724 Victory Blvd, Staten Island, NY 10314",10314
Paisano's,4.4,1046,2,"132 Park Ave, Rutherford, NJ 07070",7070
Bogota Chinese Restaurant,4.1,64,,"10 River Rd, Bogota, NJ 07603",7603
Al-Basha Quick Serve,4.3,3694,2,"1076 Main St, Paterson, NJ 07503",7503
Take Away & Cafe,4.6,140,1,"7006 3rd Ave, Brooklyn, NY 11209",11209
Chito Gvrito,4.7,469,2,"173 3rd Ave, New York, NY 10003",10003
Bamboo Walk Caribbean Restaurant,4.3,1257,2,"1343 Utica Ave, Brooklyn, NY 11203",11203
Max Restaurant,4.3,267,2,"134 W Broadway, New York, NY 10013",10013
Don Lalo,4.1,134,,"879 Main Ave, Passaic, NJ 07055",7055
El Patron,4.6,187,1,"1710 John F. Kennedy Blvd, Jersey City, NJ 07305",7305
Hop Kee Restaurant,4.2,1200,2,"21 Mott St, New York, NY 10013",10013
The Cuban,4.3,1410,2,"333 Washington St, Hoboken, NJ 07030",7030
Crown Shy,4.5,1183,3,"70 Pine Street Ground Floor, New York, NY 10005",10005
Nuevo Three Way Restaurant,4,774,1,"384 E 188th St, Bronx, NY 10458",10458
Golden Krust Caribbean Restaurant,2.8,82,1,"1430 Rockaway Pkwy, Brooklyn, NY 11236",11236
Jingdu Chinese Restaurant,3.9,104,1,"850 Kearny Ave STE B, Kearny, NJ 07032",7032
Fort Hamilton Diner,4.1,293,1,"9502 4th Ave, Brooklyn, NY 11209",11209
"BUNSIKNARA | Korean restaurant Palisades Park, NJ",4.1,582,1,"254 Broad Ave, Palisades Park, NJ 07650",7650
TAZON LATINO DELI RESTAURANT,4.1,44,,"144 Hudson St, Hackensack, NJ 07601",7601
El Ranchito Poblano Restaurant,3.3,225,2,"1306 Flatbush Ave, Brooklyn, NY 11210",11210
Los Amigos Restaurant,4.4,198,1,"674 E 180th St, Bronx, NY 10457",10457
Green Garden Chinese Restaurant,3.6,94,2,"752 Forest Ave, Staten Island, NY 10310",10310
FIesta TexMex Restaurant,3.9,49,2,"2931 Fulton St, Brooklyn, NY 11207",11207
The Avenue Restaurant & Bar,4.3,331,1,"71-22 Myrtle Ave, Queens, NY 11385",11385
Cowgirl SeaHorse,4.3,1251,2,"259 Front St, New York, NY 10038",10038
Chama Mama Chelsea,4.6,1810,2,"149 W 14th St, New York, NY 10011",10011
Punto Fijo II Restaurant,4.3,213,1,"30 Howe Ave, Passaic, NJ 07055",7055
Golden Krust Caribbean Restaurant,3.9,228,1,"1936 Ralph Ave, Brooklyn, NY 11234",11234
Abey African & Mediterranean Restaurant,4.3,46,2,"58 Richmond Ter, Staten Island, NY 10301",10301
Tony Da Caneca,4.6,490,2,"72 Elm Rd, Newark, NJ 07105",7105
The Simpson Restaurant and Bar,4.6,2869,2,"673 Atlantic Ave, Brooklyn, NY 11217",11217
Mi Pueblito,4.4,602,1,"412 Kearny Ave, Kearny, NJ 07032",7032
Columbia BBQ Restaurant,4.1,340,1,"65 Washington Ave, Belleville, NJ 07109",7109
Duet Restaurant,4.2,45,2,"37 Barrow St, New York, NY 10014",10014
Pasta Louise Restaurant,4.5,393,2,"1114 8th Ave, Brooklyn, NY 11215",11215
Marani Restaurant,4.7,918,2,"97-26 63rd Rd, Rego Park, NY 11374",11374
El Imperial Restaurant,4.4,384,2,"334 Bloomfield Ave A, Newark, NJ 07107",7107
Daily Provisions - Upper West Side,4.4,488,2,"375 Amsterdam Ave, New York, NY 10024",10024
El Barquito Restaurant,4.1,101,,"220 Garibaldi Ave, Lodi, NJ 07644",7644
Libertad Restaurant,4.1,509,1,"96-19 Liberty Ave, Queens, NY 11417",11417
Terrace Fish & Chips,4,196,2,"77 Pearl St, New York, NY 10004",10004
Subway,3.8,321,1,"11 Broadway Unit #155, New York, NY 10004",10004
Five Stars Thai Restaurant,4.3,475,2,"324 29th St, Union City, NJ 07087",7087
Beso,4.5,1463,2,"70 Bay St, Staten Island, NY 10301",10301
Aragvi,4.8,492,2,"230 E 44th St, New York, NY 10017",10017
The Latin Flavor Restaurant & Lounge,4.3,383,2,"870 Broadway, Newark, NJ 07104",7104
Five Leaves,4.3,2207,2,"18 Bedford Ave, Brooklyn, NY 11222",11222
IKEA Restaurant,4.1,563,1,"1 Beard St, Brooklyn, NY 11231",11231
La Barca Restaurant,4.1,580,1,"3892 Broadway, New York, NY 10032",10032
Garcia's Restaurant,4.3,1490,2,"800 John F. Kennedy Blvd West, Union City, NJ 07087",7087
Golden Krust Caribbean Restaurant,3.7,603,1,"1245 Teaneck Rd B, Teaneck, NJ 07666",7666
Pancetta Italian Restaurant,3.9,78,,"100 Frank W Burr Blvd, Teaneck, NJ 07666",7666
Rossini's,4.5,567,3,"108 E 38th St, New York, NY 10016",10016
Golden Krust Caribbean Restaurant,3.6,253,1,"47 W 14th St, New York, NY 10011",10011
Tamara’s Jamaican Restaurant,3,46,,"2612 Pitkin Ave, Brooklyn, NY 11208",11208
Chelsea Ristorante Italiano,4.2,518,2,"108 8th Ave, New York, NY 10011",10011
El Nuevo Caribe Restaurant,5,1,,"214 Central Ave, Brooklyn, NY 11221",11221
Yummy,3.9,120,,"1195 Flatbush Ave, Brooklyn, NY 11226",11226
Leo's Café & El Guame Restaurant,4.5,236,1,"598 Broadway, Newark, NJ 07104",7104
Astro,4.1,1252,2,"1361 6th Ave, New York, NY 10019",10019
Darna Falafel,4.7,365,1,"200 Court St, Brooklyn, NY 11201",11201
Royal Restaurant & Grill,3.8,46,1,"1075 Liberty Ave, Brooklyn, NY 11208",11208
Wall Street Grill,4.6,1028,3,"128 Pearl St, New York, NY 10005",10005
Dania's Restaurant,4.3,380,1,"423 Orange St, Newark, NJ 07107",7107
Honey Badger | Fine Dining Restaurant,4.5,168,,"67 Fenimore St, Brooklyn, NY 11225",11225
Cheng's Restaurant,3.7,115,,"2040 Forest Ave, Staten Island, NY 10303",10303
Luciano's San Vito Restaurant,4.5,537,2,"406 Broadway, Bayonne, NJ 07002",7002
"Breakfast, Lunch & Brunch Restaurant of Park Slope",5,5,,"Store Front, 548 4th Ave, Brooklyn, NY 11215",11215
Morelos Mexican Restaurant & Deli,4.2,83,1,"6 Cebra Ave, Staten Island, NY 10301",10301
Victory Sweet Shop/Victory Garden Cafe,4.5,372,2,"21-69 Steinway St, Queens, NY 11105",11105
BLACKBARN Restaurant,4.4,1101,3,"19 E 26th St, New York, NY 10010",10010
Tosokchon Restaurant NYC,4.1,119,2,"14 E 33rd St 1FL A, New York, NY 10016",10016
Caribbean Station Restaurant,4.4,255,1,"274 Trenton Ave, Paterson, NJ 07503",7503
La Kokona Restaurant,4.3,256,,"180 Monroe St, Passaic, NJ 07055",7055
Hunkar Restaurant,4.7,685,2,"319 Hackensack St, Carlstadt, NJ 07072",7072
Prime 623 Restaurant And Bar,4.4,229,,"1566 Ralph Ave, Brooklyn, NY 11234",11234
El Jocoreño Deli Restaurant,4.4,225,1,"6024 Hudson Ave, West New York, NJ 07093",7093
Extra Super Restaurant,4.2,211,2,"5525 Palisade Ave, West New York, NJ 07093",7093
House of Joy,4.3,766,2,"28 Pell St, New York, NY 10013",10013
Dos Caminos,4,2298,2,"675 Hudson St, New York, NY 10014",10014
Olive Garden Italian Restaurant,4.3,5887,2,"500 NJ-3, Secaucus, NJ 07094",7094
Elizabeth Restaurant,4.7,68,,"440 Bergen Ave, Jersey City, NJ 07304",7304
Segovia Restaurant,4.5,2173,2,"150 Moonachie Rd, Moonachie, NJ 07074",7074
Dock Asian Eatery,4.5,575,2,"22 Wyckoff Ave, Brooklyn, NY 11237",11237
Brasas Grill Bar & Restaurant,4.3,396,2,"449 Kearny Ave, Kearny, NJ 07032",7032
Ruzana,4.3,786,,"486 85th St, Brooklyn, NY 11209",11209
Lhasa Fast Food,4.4,667,1,"76-03 37th Ave, Queens, NY 11372",11372
Union Square Events,4.2,42,,"147 41st St Floor 4, Brooklyn, NY 11232",11232
Roma Coffee Bar Restaurant & Pizzeria,4.7,987,2,"312 Clifton Ave, Clifton, NJ 07011",7011
Santino’s Gourmet Deli And Restaurant,4.8,53,1,"409 Forest Ave, Staten Island, NY 10301",10301
Lotus Thai Cuisine,4.2,423,2,"7007 Park Ave, Guttenberg, NJ 07093",7093
Deja Vu Restaurant & Bar,4.5,444,2,"50 River Dr, Garfield, NJ 07026",7026
La Piazza Pizzeria & Restaurant,4.2,300,2,"1445 Richmond Ave, Staten Island, NY 10314",10314
Golden Krust Caribbean Restaurant,3.6,337,1,"2860 John F. Kennedy Blvd, Jersey City, NJ 07306",7306
Old Tbilisi Garden,4.4,944,2,"174 Bleecker St, New York, NY 10012",10012
El Provocon Restaurant,4.3,170,1,"443 21st Ave, Paterson, NJ 07513",7513
Otra Casita Restaurant & Bakery,3.9,513,2,"533 Ferry St, Newark, NJ 07105",7105
Delicias Dominican Restaurant,4.3,70,2,"2419 Grand Concourse, Bronx, NY 10468",10468
Olive Garden Italian Restaurant,4.1,4424,2,"92-10 59th Ave, Elmhurst, NY 11373",11373
Gracie Mews Diner,4.3,860,2,"1550 1st Ave., New York, NY 10028",10028
El Tina Riverdale Restaurant,4.6,282,,"308 W 231st St, Bronx, NY 10463",10463
Pio Pio 58 - Pio Pio Café & Restaurant 5800 Hudson,4.3,332,2,"5800 Hudson Ave, West New York, NJ 07093",7093
Fiorentini Restaurant,4.5,273,,"98 Park Ave, Rutherford, NJ 07070",7070
El Tina Harlem Restaurant,4.5,973,1,"511 W 125th St, New York, NY 10027",10027
Istanbul Grill House Turkish Restaurant,4.8,117,2,"978 Main St, Paterson, NJ 07503",7503
Noula Restaurant,4.9,138,2,"5 Martense St, Brooklyn, NY 11226",11226
D'Patrones Deli,4.4,30,2,"1117 Summit Ave, Union City, NJ 07087",7087
Aroma & Sabor Restaurant,4.7,106,,"294 Park Ave, Newark, NJ 07107",7107
არგო,4.6,412,2,"1985 Coney Island Ave, Brooklyn, NY 11223",11223
Yemen Café,4.5,2932,2,"176 Atlantic Ave, Brooklyn, NY 11201",11201
"Los Amigos Restaurant, LLC",4.2,90,2,"395 Central Ave, Jersey City, NJ 07307",7307
Clinton St. Baking Company,4.4,5033,2,"4 Clinton St, New York, NY 10002",10002
Melany Restaurant,3.8,563,1,"785 Flatbush Ave, Brooklyn, NY 11226",11226
Kitchen Grill,4.6,197,2,"914 a Fulton St, Brooklyn, NY 11238",11238
La Casona Cafe Restaurant,4.7,189,1,"598 21st Ave, Paterson, NJ 07513",7513
Sofia,4.3,78,1,"187 Suydam St, Brooklyn, NY 11221",11221
DIG,4.1,50,2,"138 Willoughby St, Brooklyn, NY 11201",11201
Daily Provisions - Cobble Hill,4.2,48,2,"151 Court St, Brooklyn, NY 11201",11201
Joia Restaurant,4.4,340,2,"1100 Frank E Rodgers Blvd S, Harrison, NJ 07029",7029
Chadwick's,4.6,771,2,"8822 3rd Ave, Brooklyn, NY 11209",11209
Phở Grand,4.1,847,1,"277C Grand St, New York, NY 10002",10002
Marcystela Restaurant,4.1,16,,"145 Wilson Ave, Newark, NJ 07105",7105
La Bohème Restaurant,4.5,222,,"233 Clinton St, Hoboken, NJ 07030",7030
Myrna's Restaurant,4.1,261,2,"307 Kearny Ave, Kearny, NJ 07032",7032
Connolly's,4.4,4107,2,"121 W 45th St, New York, NY 10036",10036
M & K,4.2,278,1,"190 Bay St, Staten Island, NY 10301",10301
River Deli,4.4,479,2,"32 Joralemon St, Brooklyn, NY 11201",11201
Terrace Restaurant & Bakery,4.8,562,2,"280 5th Ave, Brooklyn, NY 11215",11215
A Shen Zhou Restaurant,4.1,50,2,"159 Wilson Ave, Brooklyn, NY 11237",11237
Taco Bell,4.1,1545,1,"508 Washington Ave, Belleville, NJ 07109",7109
Luigi's Restaurant,3.8,122,2,"54 Mt Vernon St, Ridgefield Park, NJ 07660",7660
El Cuencanito,3.9,521,1,"99-12 Alstyne Ave, Queens, NY 11368",11368
IKEA Restaurant,4.2,252,1,"1000 Ikea Dr, Elizabeth, NJ 07201",7201
Latinos Restaurant Bar,4.8,8,,"2030 Richmond Terrace, Staten Island, NY 10302",10302
Mary's Restaurant,4.4,472,1,"18 Myrtle Ave, Passaic, NJ 07055",7055
Holland Bay Restaurant,4.7,126,1,"78 Victory Blvd, Staten Island, NY 10301",10301
7 Old Fulton,3.5,488,3,"7 Old Fulton St, Brooklyn, NY 11201",11201
Las Chelitas,4.5,177,2,"7312 13th Ave, Brooklyn, NY 11228",11228
Gram Bangla Restaurant,3.5,133,,"7605 101st Ave, Queens, NY 11416",11416
Anatolia Restaurant,4.8,202,1,"1021 Main St, Paterson, NJ 07503",7503
Leaf,3.7,177,1,"1161 Myrtle Ave, Brooklyn, NY 11206",11206
Panna II Garden Indian Restaurant,3.5,936,1,"93 1st Ave. #2, New York, NY 10003",10003
Lido Restaurant,4.2,655,1,"701 Main St, Hackensack, NJ 07601",7601
Gottlieb's Restaurant,4.6,994,2,"352 Roebling St #6240, Brooklyn, NY 11211",11211
Clark's Restaurant,4.4,1397,2,"80 Clark St, Brooklyn, NY 11201",11201
QDOBA Mexican Eats,4,534,1,"905 Bayonne Crossing Way, Bayonne, NJ 07002",7002
Asia Glatt Kosher,4.4,490,2,"4813 New Utrecht Ave, Brooklyn, NY 11219",11219
Lahore Restaurant and Catering,4.5,1616,2,"1277 Paterson Plank Rd, Secaucus, NJ 07094",7094
Sabor de Colombia Restaurant and Bakery,4.3,482,2,"4601 5th Ave, Brooklyn, NY 11220",11220
Don Julio,4.1,1308,2,"50 Marshall St, Elizabeth, NJ 07206",7206
San Jose Restaurant,4.4,607,1,"109 E 153rd St, Bronx, NY 10451",10451
Golden Krust Caribbean Restaurant,3.7,128,1,"918 Fulton St, Brooklyn, NY 11238",11238
Oporto Restaurant,4.7,30,2,"141 Fleming Ave, Newark, NJ 07105",7105
Wo Hop,4.4,3447,2,"17 Mott St, New York, NY 10013",10013
Konoz Restaurant,4.8,224,2,"16 Clinton St, Newark, NJ 07102",7102
Golden Krust Caribbean Restaurant,3.5,102,1,"823 Franklin Ave, Brooklyn, NY 11225",11225
GOLDEN WUISH (THE DUCKHOUSE),4.4,243,2,"6 Platt St, New York, NY 10038",10038
Shake Shack Empire Outlets - Staten Island Ferry,4.3,1104,2,"35 Richmond Ter Space 323, Staten Island, NY 10301",10301
Veselka,4.6,6706,2,"144 2nd Ave, New York, NY 10003",10003
Tom’s Restaurant,4.4,2436,1,"782 Washington Ave, Brooklyn, NY 11238",11238
Paradise,4.2,188,2,"1021 Ogden Ave, Bronx, NY 10452",10452
Cinderellas Mexican Restaurant,4,191,2,"108 Victory Blvd, Staten Island, NY 10301",10301
I Love Paraguay Restaurant,4.6,1154,2,"4316 Greenpoint Ave, Queens, NY 11104",11104
Paladar Restaurant Ecuatoriano,4.2,78,1,"785-B Main Ave, Passaic, NJ 07055",7055
Bo Ky,4,1210,1,"80 Bayard St, New York, NY 10013",10013
The Little Food Cafe,4.4,654,1,"330 John F. Kennedy Blvd, Bayonne, NJ 07002",7002
Spanish Pavillion Restaurant,4.4,1238,2,"31 Harrison Ave, Harrison, NJ 07029",7029
El Cofre,4.1,345,1,"454 Myrtle Ave, Brooklyn, NY 11205",11205
Park Plaza,4.3,1351,2,"220 Cadman Plz W, Brooklyn, NY 11201",11201
Peru Pa' Ti,4.3,246,2,"1904 Bergenline Ave, Union City, NJ 07087",7087
Fava Restaurant,5,37,2,"2009 Victory Blvd, Staten Island, NY 10314",10314
Golden Eagle Restaurant,4.1,393,1,"975 Morris Park Ave, Bronx, NY 10462",10462
Andros Restaurant,4.1,1083,2,"6 Wilson Ave, Newark, NJ 07105",7105
Ferdinando's Focacceria,4.6,469,2,"151 Union St, Brooklyn, NY 11231",11231
Joseph's Restaurant,4.5,287,3,"3 Hanover Square, New York, NY 10004",10004
Sawadeja Thai Restaurant,4.6,375,2,"64 Market St, Clifton, NJ 07012",7012
Golden Krust Caribbean Restaurant,3.7,99,1,"1862 Nostrand Ave, Brooklyn, NY 11226",11226
Tropilyz 116th,4.1,449,1,"164 W 116th St, New York, NY 10026",10026
La Bella Vita restaurant,4.6,2118,2,"163 Mulberry St, New York, NY 10013",10013
Rico Chimi Restaurant,4.1,478,2,"1492 Myrtle Ave, Brooklyn, NY 11237",11237
LILLI RESTAURANT,4.6,123,,"1344 Utica Ave, Brooklyn, NY 11203",11203
Haven Riverfront Restaurant and Bar,4.4,2132,3,"2 Main St, Edgewater, NJ 07020",7020
El Piloncito Restaurant & Multiservices,4.5,51,2,"214 Essex St, Hackensack, NJ 07601",7601
Santoni's Pizzeria and Restaurant,4.4,545,1,"42 Outwater Ln, Garfield, NJ 07026",7026
Sushi Jiro Japanese Restaurant,,,1,"7308 3rd Ave, Brooklyn, NY 11209",11209
Manhatta,4.6,1871,,"28 Liberty St 60th floor, New York, NY 10005",10005
The Mark Restaurant by Jean-Georges,3.4,251,,"25 E 77th St, New York, NY 10075",10075
Mama Elena's Restaurant,4.3,236,2,"395 21st Ave, Paterson, NJ 07513",7513
Santo Domingo Restaurant,4,317,1,"862 New Lots Ave, Brooklyn, NY 11208",11208
Dosa Garden,4,310,1,"323 Victory Blvd, Staten Island, NY 10301",10301
La Llorona Restaurant Inc,4.4,79,1,"6131 John F. Kennedy Blvd, North Bergen, NJ 07047",7047
Bridge Coffee Shop,4.4,324,1,"73 Bridge St, Brooklyn, NY 11201",11201
Leña y Carbón Restaurant & Bar,4.5,247,2,"414 Bergen St, Harrison, NJ 07029",7029
Mamak House,4.4,286,2,"250 NJ-440, Jersey City, NJ 07305",7305
Los Charros Mexican Restaurant & Bar,4.2,17,,"244 Port Richmond Ave, Staten Island, NY 10302",10302
Oriental Garden,4.4,204,1,"586 Broadway, Passaic, NJ 07055",7055
Kanoon Restaurant,4.2,863,1,"349 Hazel St, Clifton, NJ 07011",7011
Augustino's,4.4,283,,"1104 Washington St, Hoboken, NJ 07030",7030
Polleria Restaurant El Hornero,3.5,535,2,"422 Kearny Ave, Kearny, NJ 07032",7032
Lezzet Restaurant,4.9,170,,"925 Main St, Paterson, NJ 07503",7503
Restaurant Yuu,4.4,79,,"55 Nassau Ave, Brooklyn, NY 11222",11222
Mishki Micuy Peruvian restaurant,4,29,,"875 Post Ave, Staten Island, NY 10310",10310
Bonanza Colombian Delights,4.3,620,2,"342B Main St, Hackensack, NJ 07601",7601
Master Kitchen Restaurant,4.7,24,,"141 Passaic St, Passaic, NJ 07055",7055
Marc Forgione,4.6,620,3,"134 Reade St, New York, NY 10013",10013
El Paraiso Restaurant Bar,4.3,78,2,"191 5th Ave, Brooklyn, NY 11215",11215
Lighthouse Family Restaurant and Diner,4.4,1158,2,"669 Broadway, Bayonne, NJ 07002",7002
Porchlight,4.4,922,3,"271 11th Ave, New York, NY 10001",10001
Island Vibes Jamaican Restaurant,3.4,35,2,"14A Rose Ave, Jersey City, NJ 07305",7305
ODAAN,4.2,385,1,"907 Seneca Ave, Queens, NY 11385",11385
Pages Restaurant On the Mall,4.3,179,1,"150 Halsey St, Newark, NJ 07102",7102
Pearl Indian Restaurant,4,162,1,"738 Franklin Ave, Brooklyn, NY 11238",11238
ZAZA,4.5,946,2,"104 Greenwich St, New York, NY 10006",10006
New Dinette Restaurant,4.7,40,,"187 Port Richmond Ave, Staten Island, NY 10302",10302
Maizal Restaurant,4.4,403,2,"990 Bay St, Staten Island, NY 10305",10305
Olive Garden Italian Restaurant,4,4105,2,"505 Gateway Dr, Brooklyn, NY 11239",11239
Myrna Peruvian Restaurant,4.5,229,2,"601 Ridge Rd, North Arlington, NJ 07031",7031
Ju Feng Chinese restaurant,4.4,7,,"2809 Nostrand Ave, Brooklyn, NY 11229",11229
El Mariachi Loco Restaurant,4.3,12,,"2506 Bergenline Ave, Union City, NJ 07087",7087
"Chris' Pizza & Family Restaurant (Rutherford, NJ)",4.2,213,2,"200 Park Ave, Rutherford, NJ 07070",7070
KTB Restaurant and Lounge,4.3,528,1,"323 Ridge Rd, North Arlington, NJ 07031",7031
Patio Restaurant,4.8,26,,"103 34th St, Union City, NJ 07087",7087
NEW YUEWONG RESTAURANT 裕旺大饭店,4.1,411,2,"60 Bayard St, New York, NY 10013",10013
Al-Basha Restaurant Dine-In Only,4.7,1943,2,"387 Crooks Ave, Paterson, NJ 07503",7503
Bella Luce Restaurant and Bar,4.5,454,3,"507 Franklin Ave, Nutley, NJ 07110",7110
Blarney Stone,4,306,2,"11 Trinity Pl, New York, NY 10006",10006
Kamils Restaurant,4.3,928,2,"1489 Main Ave, Clifton, NJ 07011",7011
Elite Williamsburg,4.1,1315,2,"128 Metropolitan Ave, Brooklyn, NY 11211",11211
Golden House Restaurant,4.3,105,,"334 Union Ave A, Rutherford, NJ 07070",7070
Hi-So Thai,4,299,2,"1903 Willow Ave A, Weehawken, NJ 07086",7086
El Delicioso Mexican Restaurant,4.7,36,1,"200 New York Ave, Union City, NJ 07087",7087
Awash Ethiopian Restaurant,4.3,393,2,"338 E 6th St, New York, NY 10003",10003
Yocateo Restaurant,4.7,22,,"Dawson St, Newark, NJ 07114",7114
Taita Kitchen Peruvian Restaurant,4.4,55,2,"405 Lexington Ave, Clifton, NJ 07011",7011
Serafina Italian Restaurant 38th Madison,4,166,2,"241 Madison Ave, New York, NY 10016",10016
Morelos Restaurant,4.5,19,,"127 3rd St, Passaic, NJ 07055",7055
Princess Anaïs Palace Haïtian Restaurant,3.4,16,1,"547 Communipaw Ave, Jersey City, NJ 07304",7304
Pazza Luna Restaurant & Pizzeria,4.5,290,1,"52 Chestnut St, Garfield, NJ 07026",7026
South Barbeque Restaurant,4.1,570,1,"396 South St, Newark, NJ 07105",7105
Las Mexicanitas de la 37,4.5,207,2,"3700 Bergenline Ave, Union City, NJ 07087",7087
Marta,4.5,1892,2,"29 E 29th St, New York, NY 10016",10016
Don Julio Restaurant,4,205,1,"32 Broadway, Passaic, NJ 07055",7055
Mama Tala Restaurant,3.9,88,2,"582 Morris Ave, Bronx, NY 10451",10451
Subway,3.8,607,1,"2866 John F. Kennedy Blvd, Jersey City, NJ 07306",7306
Wadadli Style Caribbean Restaurant & Bakery,4.3,20,1,"475 Martin Luther King Dr, Jersey City, NJ 07304",7304
El Continental Restaurant,4.1,390,1,"672 5th Ave, Brooklyn, NY 11215",11215
El Fogón Bar and Restaurant,4.3,86,1,"247 Second St, Elizabeth, NJ 07206",7206
Portugalia Bar & Restaurant,4.6,588,,"280 1/2 Ferry St, Newark, NJ 07105",7105
Adriana Restaurant,4.2,207,,"597 Broadway, Newark, NJ 07104",7104
Chateau of Spain,4.4,1959,2,"11 Franklin St, Newark, NJ 07102",7102
El Encanto Mexicano Restaurant,4.3,12,,"185 Port Richmond Ave, Staten Island, NY 10302",10302
Me & Tommy's Restaurant & Bar,4.7,350,2,"4 Essex St, Belleville, NJ 07109",7109
Edward Lunch & Restaurant,4.1,135,1,"56 Lorraine St, Brooklyn, NY 11231",11231
Chapin Restaurant & Bakery,4.4,23,,"508 Ocean Ave, Jersey City, NJ 07305",7305
Grandma Sarah's Restaurant,4.4,51,,"223 Monroe St, Passaic, NJ 07055",7055
Sabor Y Punto Colombian Restaurant,4.8,399,2,"6617 Bergenline Ave, West New York, NJ 07093",7093
Desi Deli indian kitchen,3.6,720,1,"724 10th Ave, New York, NY 10019",10019
Fat Bastard and Son's Restaurant,4.6,108,2,"434 US-46, South Hackensack, NJ 07606",7606
Supreme Restaurant,4.2,1825,1,"100 Mott St, New York, NY 10013",10013
Kofte Piyaz,4.6,255,1,"881 5th Ave Store A, Brooklyn, NY 11232",11232
Aruba Lounge & restaurant,4.7,49,,"463 21st Ave, Paterson, NJ 07513",7513
Taco Bell,3.4,677,1,"21-33 E 53rd St, Bayonne, NJ 07002",7002
Lago Kache Restaurant & Lounge,4.1,331,,"2192 Flatbush Ave, Brooklyn, NY 11234",11234
El Alebrije Mexican Restaurant,4.4,334,,"570 Main Ave, Passaic, NJ 07055",7055
Taco Bell,4,1030,1,"171 NJ-17, Hasbrouck Heights, NJ 07604",7604
La Primicia Restaurant,3.9,436,1,"452 West Side Ave, Jersey City, NJ 07304",7304
Hua Long,3.4,68,1,"706 Fulton St, Brooklyn, NY 11217",11217
CafeDelia,4.9,434,3,"59 E 8th St, New York, NY 10003",10003
Tadim Restaurant,4.9,243,2,"959 Main St, Paterson, NJ 07503",7503
Soco,4.1,2523,2,"509 Myrtle Ave, Brooklyn, NY 11205",11205
Buddha-Bar Restaurant New York,3.9,591,,"62 Thomas St, New York, NY 10013",10013
New Belacan Restaurant,4,194,1,"5918 8th Ave, Brooklyn, NY 11220",11220
Happy Fortune,3.6,115,2,"770 Manor Rd, Staten Island, NY 10314",10314
GP's Restaurant,4.7,298,2,"24 69th St, Guttenberg, NJ 07093",7093
Rosita's Restaurant Bakery,3.6,47,,"23 Bloomfield Ave, Newark, NJ 07104",7104
J&V Grill Restaurant Cafeteria,4.2,616,1,"423 Bloomfield Ave, Newark, NJ 07107",7107
Waterside Restaurant and Catering,4.2,410,,"7800 River Rd B, North Bergen, NJ 07047",7047
Central Restaurant,4.2,628,1,"30 Central Ave #4, Newark, NJ 07102",7102
Vinny's Restaurant & Pizza,4.4,94,,"22 Ferry St, Newark, NJ 07105",7105
Grand Canyon Restaurant,4.4,380,2,"143 Montague St, Brooklyn, NY 11201",11201
Ankara One Turkish Restaurant,4.2,384,2,"1425 Kings Hwy, Brooklyn, NY 11229",11229
Zio Toto,4.3,264,2,"8407 3rd Ave, Brooklyn, NY 11209",11209
FARIDA - Central Asian Cuisine & Grill,4.6,645,2,"32 Cedar St, New York, NY 10005",10005
My Pizza and Restaurant,4,493,2,"755 Targee St, Staten Island, NY 10304",10304
Sandy Restaurant,4.4,1037,1,"2261 2nd Ave, New York, NY 10035",10035
MACA Peruvian Restaurant,4.1,454,2,"62-12 Woodhaven Blvd, Rego Park, NY 11374",11374
La Palmita Restaurant 2,4,86,,"438 Boulevard, Hasbrouck Heights, NJ 07604",7604
Luka's Deli & Restaurant,4.1,167,1,"248 Main St, Hackensack, NJ 07601",7601
Selena Restaurant,4.4,69,,"272 Passaic St, Passaic, NJ 07055",7055
Lola Restaurant,4.6,36,2,"26 1st St, Elizabeth, NJ 07206",7206
Tucasa Restaurant,4.2,59,,"400 Delancy St, Newark, NJ 07105",7105
Mykonos Restaurant,4.5,244,2,"440 Ridge Rd #5, North Arlington, NJ 07031",7031
Ramonitas Restaurant,4.6,47,2,"108 Moore St, Brooklyn, NY 11206",11206
Three of Cups Restaurant,4.4,195,2,"150 Sullivan St, New York, NY 10012",10012
Mario's Restaurant Clifton,4.2,883,2,"710 Van Houten Ave, Clifton, NJ 07013",7013
Vesuvio Restaurant & Pizzeria,4.4,1462,2,"7305 3rd Ave, Brooklyn, NY 11209",11209
El Mirador,4,48,1,"59 Church Ave, Brooklyn, NY 11218",11218
Del Valle,4,93,,"218 Anderson Ave, Fairview, NJ 07022",7022
Tony's Pizza,4.6,1429,2,"443 Knickerbocker Ave, Brooklyn, NY 11237",11237
Bazár Tapas Bar & Restaurant,4.3,818,2,"31 W 26th St, New York, NY 10010",10010
The Bar Room at The Modern,4.5,169,,"9 W 53rd St, New York, NY 10019",10019
Five Guys,4.3,631,2,"301 Bayonne Crossing Way, Bayonne, NJ 07002",7002
La Catracha,4,99,,"68 Van Riper St, Staten Island, NY 10302",10302
I Sodi,4.3,678,3,"314 Bleecker St, New York, NY 10014",10014
Mi Ranchito Restaurant,4.3,210,,"86 Broadway, Newark, NJ 07104",7104
Downs River Restaurant INC,4.1,161,1,"517 Stanley Ave, Brooklyn, NY 11207",11207
Picazo's Pizza & Restaurant Place Corp,5,8,,"871 3rd Ave, Brooklyn, NY 11232",11232
Sally’s Caribbean Restaurant,4.4,39,2,"911 Erskine St, Brooklyn, NY 11239",11239
No. 7 Restaurant,4.3,348,,"627 Vanderbilt Ave, Brooklyn, NY 11238",11238
Antojos Colombianos Restaurant & Bakery,4.2,513,2,"530 Harrison Ave Suite 1, Harrison, NJ 07029",7029
PiCH Restaurant and Lounge,4.3,213,2,"774 Flatbush Ave, Brooklyn, NY 11226",11226
Radhuni Sweets & Restaurant II,3.5,324,,"1203 Liberty Ave, Brooklyn, NY 11208",11208
Gino's,3.9,236,1,"548 Flatbush Ave, Brooklyn, NY 11225",11225
Fairview Chinese Restaurant,4.2,147,1,"363 Fairview Ave, Fairview, NJ 07022",7022
La Marina Restaurant,3.9,432,2,"338 Ferry St, Newark, NJ 07105",7105
New Carmen’s,4.1,183,1,"199 Martin Luther King Dr, Jersey City, NJ 07305",7305
Istanbul Cafe and Restaurant,4.3,1185,2,"1378 Main Ave, Clifton, NJ 07011",7011
Tacocina,4,401,2,"25 River St, Brooklyn, NY 11249",11249
Ho Ho Restaurant,4.6,242,2,"235 Paterson Ave, East Rutherford, NJ 07073",7073
China Restaurant,4.2,615,1,"937 Utica Ave, Brooklyn, NY 11203",11203
El Olivo,3.8,310,1,"94 Anderson Ave, Fairview, NJ 07022",7022
Teddy’s Place,4.5,445,1,"5 W 25th St, Bayonne, NJ 07002",7002
Asante's Restaurant,4.4,146,2,"1280 Teaneck Rd, Teaneck, NJ 07666",7666
Son Cubano Restaurant on the Hudson,4.3,4931,3,"40-4 Riverwalk Pl, West New York, NJ 07093",7093
San Marino Soho Italian restaurant.,4.4,183,2,"64 Charlton St, New York, NY 10014",10014
MK Valencia,4.4,717,2,"228 Main St, Ridgefield Park, NJ 07660",7660
Aleli Mexican Restaurant,4.6,147,1,"7804 3rd Ave, Brooklyn, NY 11209",11209
Charlie's Restaurant,4.4,301,1,"5904 Bergenline Ave, West New York, NJ 07093",7093
El Rincon Mexicano Restaurant,4.5,243,,"137 Kearny Ave, Kearny, NJ 07032",7032
Kitchen at Cobble Hill,4.2,325,2,"254 Court St, Brooklyn, NY 11231",11231
Leña y Carbón Restaurant,3.9,409,2,"919 Main Ave, Passaic, NJ 07055",7055
El Gordo Restaurant,4,464,1,"295 Monroe St, Passaic, NJ 07055",7055
Little Poland,4.5,893,1,"200 2nd Ave, New York, NY 10003",10003
Barcelona's Restaurant & Bar,4.4,484,1,"38 Harrison Ave, Garfield, NJ 07026",7026
Katou Restaurant,4.3,135,2,"5012 Avenue M, Brooklyn, NY 11234",11234
Premium Sweets & Restaurant,3.6,1264,1,"37-14 73rd St, Queens, NY 11372",11372
Rosemary Restaurant,,,,"20 Frontage Rd, Newark, NJ 07114",7114
Cabo Restaurant,4.1,271,2,"7004 Broadway, Guttenberg, NJ 07093",7093
Tutt Heights,4.5,389,1,"47 Hicks St, Brooklyn, NY 11201",11201
Pampangueña Restaurant,4.7,30,,"561 West Side Ave, Jersey City, NJ 07304",7304
Manantial Lupita Comida Ecuatoriana,3.9,110,2,"96 Pacific St, Newark, NJ 07105",7105
DELICIAS RESTAURANT & Pizzas,4.3,37,1,"1119 Summit Ave, Union City, NJ 07087",7087
Wakkys African Restaurant,4.1,74,2,"1174 St Marks Ave, Brooklyn, NY 11213",11213
King Solomon Palace Glatt Kosher Restaurant,4.6,417,2,"1787 Coney Island Ave, Brooklyn, NY 11230",11230
Sazón y Sabores Restaurant,4.4,36,2,"485 E 180th St, Bronx, NY 10457",10457
Maya Mexican Restaurant,4.4,187,1,"149 Market St, Passaic, NJ 07055",7055
Golden Krust Caribbean Restaurant,4,162,1,"872 Utica Ave, Brooklyn, NY 11203",11203
Mi Rancho Mexican Restaurant - Hackensack,4.2,418,2,"59 Main St, Hackensack, NJ 07601",7601
Henry's End,4.5,505,3,"72 Henry St, Brooklyn, NY 11201",11201
Don Pepe Restaurant,4.3,2146,2,"844 McCarter Hwy, Newark, NJ 07102",7102
Reina de la Nube,4.2,254,1,"922A 4th Ave, Brooklyn, NY 11232",11232
J's On The Bay,4.4,757,2,"1189 Bay St, Staten Island, NY 10305",10305
Delicias Restaurant,4.5,128,2,"5114 Hudson Ave, West New York, NJ 07093",7093
Gelone,4.6,593,2,"650 Ridge Rd, Lyndhurst, NJ 07071",7071
New Tavares Restaurant,4.1,423,1,"234 Cleveland Street Btw Fulton Street &, Atlantic Ave, Brooklyn, NY 11208",11208
San Antonio Mexican Restaurant,3.7,525,2,"206 Monroe St, Passaic, NJ 07055",7055
Fontana´s Italian Restaurant,4.3,213,2,"2359 Ralph Ave, Brooklyn, NY 11234",11234
YKA Vibes Restaurant Bar and Grill,4.8,39,2,"467 Rogers Ave, Brooklyn, NY 11225",11225
Atrio Wine Bar & Restaurant,4.1,94,,"102 North End Ave, New York, NY 10282",10282
Tommy's Family Restaurant,4.4,646,1,"349 Central Ave, Jersey City, NJ 07307",7307
Yemen Whdah Restaurant,4.3,393,,"6726 5th Ave, Brooklyn, NY 11220",11220
Me Sabe a Peru Restaurant,3.6,10,,"440 58th St, West New York, NJ 07093",7093
Golden Krust Caribbean Restaurant,3.3,266,1,"1848 E New York Ave, Brooklyn, NY 11207",11207
EKO Restaurant,4,175,2,"11010 Flatlands Ave, Brooklyn, NY 11207",11207
Denino’s Pizzeria & Tavern,4.6,2512,2,"524 Port Richmond Ave, Staten Island, NY 10302",10302
Fire Side Restaurant,3.8,22,,"111A Sterling Ave, Jersey City, NJ 07305",7305
Som Bo,4.4,458,1,"143 8th Ave, New York, NY 10011",10011
Souzafit Restaurant Newark,4.4,251,2,"70 Adams St store 7, Newark, NJ 07105",7105
Quisqueya's Restaurant,4.2,349,2,"346 3rd Ave W, Newark, NJ 07107",7107
Margon,4.6,1121,1,"136 W 46th St, New York, NY 10036",10036
Coimbra Restaurant,4.4,722,2,"637-641 Market St, Newark, NJ 07105",7105
Souzafit Restaurant Hoboken,4.5,109,1,"517 Washington St, Hoboken, NJ 07030",7030
Finch's Restaurant + Lounge,4.3,71,,"801 Rutherford Ave, Rutherford, NJ 07070",7070
El Manto Restaurant,4.2,51,,"100-15 Astoria Blvd, Queens, NY 11369",11369
Gloria's,4,1157,1,"987 Nostrand Ave, Brooklyn, NY 11225",11225
Fontana Pizza & Restaurant,4.1,314,1,"1011 Broadway, Bayonne, NJ 07002",7002
Abu Rass Restaurant,4.2,2621,2,"1057 Main St, Paterson, NJ 07503",7503
Mi Tierra Restaurant,4.4,502,1,"243 Belleville Ave, Belleville, NJ 07109",7109
The Smith,4.4,5025,2,"956 2nd Ave, New York, NY 10022",10022
Mishka Soho Restaurant,4.1,216,2,"519 Broome St, New York, NY 10013",10013
Triunfo II Mexican Restaurant And Bar,3,4,,"97 Victory Blvd, Staten Island, NY 10301",10301
La Mexicanita,3.8,146,2,"5002 Bergenline Ave, West New York, NJ 07093",7093
Guatemala Restaurant,4.8,14,,"4 Park Ave, Newark, NJ 07104",7104
IL Cortile,4.3,1999,2,"125 Mulberry St #4603, New York, NY 10013",10013
Best Bites Restaurant,4,654,2,"4601 Church Ave, Brooklyn, NY 11203",11203
Blue Smoke,4.4,1880,2,"255 Vesey St, New York, NY 10282",10282
Dutch's Restaurant,4.3,160,2,"24 E Park St, Newark, NJ 07102",7102
Campino Restaurant,4.5,774,2,"70 Jabez St, Newark, NJ 07105",7105
Wyckoff Restaurant,3.6,47,1,"250 Wyckoff Ave, Brooklyn, NY 11237",11237
Mi Lindo Mexico Restaurant,4.4,57,2,"447 Avenue C, Bayonne, NJ 07002",7002
Joy Indian Restaurant,4.3,265,2,"301 Flatbush Ave, Brooklyn, NY 11217",11217
The Modern,4.6,2124,4,"9 W 53rd St, New York, NY 10019",10019
Primavera Restaurant,3.6,80,,"623 Church Ave, Brooklyn, NY 11218",11218
La Posada Restaurant,4.4,430,2,"1055 Main Ave, Clifton, NJ 07011",7011
Con Yapa - Restaurant Peruana,4.4,60,2,"300 Morningstar Rd, Staten Island, NY 10303",10303
Sol Azteca Mexican Restaurant,4.8,310,2,"2 Kearny Ave, Kearny, NJ 07032",7032
Yemen Cafe,4.5,1456,2,"7317 5th Ave, Brooklyn, NY 11209",11209
D' Cositas Ricas Restaurant,4.2,154,1,"294 Main Ave, Passaic, NJ 07055",7055
Punto Fijo Restaurant,4,397,1,"310 Monroe St, Passaic, NJ 07055",7055
Eat Rice,3.5,167,1,"580 Avenue C, Bayonne, NJ 07002",7002
Delia's Lounge & Restaurant,4.6,346,2,"9224 3rd Ave, Brooklyn, NY 11209",11209
Tripoli Restaurant,4.3,113,2,"156 Atlantic Ave, Brooklyn, NY 11201",11201
El Rey,4.2,383,1,"1310 Broadway, Brooklyn, NY 11221",11221
Mama Rosaria's Pizza & Restaurant,4,153,1,"2146 Forest Ave, Staten Island, NY 10303",10303
Sarita's Restaurant & Bakery,4.4,24,,"44 Bergen Blvd, Fairview, NJ 07022",7022
EL SALVADOREÑO CAFE RESTAURANT LLC,3.9,125,1,"162 South St, Newark, NJ 07114",7114
El Rio Nilo Restaurant,4.9,128,2,"455 Passaic St, Hackensack, NJ 07601",7601
O'Imperial Bar & Restaurant,4.5,234,2,"152 Kearny Ave, Kearny, NJ 07032",7032
El Sabor Restaurant GM,4.5,60,,"294 Broadway, Passaic, NJ 07055",7055
Essence Bar and Grill,4,921,2,"1662 Atlantic Ave, Brooklyn, NY 11213",11213
Charo Restaurant,4.2,206,1,"102-01 37th Ave, Corona, NY 11368",11368
El Mirador Restaurant,4.7,247,1,"124 1st St, Elizabeth, NJ 07206",7206
Mauricio’s Restaurant,4.6,111,,"209 Ocean Ave #2604, Jersey City, NJ 07305",7305
Daily Provisions - West Village,4.6,184,2,"29 Bedford St, New York, NY 10014",10014
Doña Maria Restaurant,4.4,394,1,"32 Bergen St, Passaic, NJ 07055",7055
Tu Sabor Latino Restaurant,3,7,,"3881 Broadway, New York, NY 10032",10032
The Original Buddha Bodai Kosher Vegetarian Restaurant 🥬 佛菩提,4.4,1903,1,"5 Mott St, New York, NY 10013",10013
La Fortuna Mexican Restaurant,4.7,51,2,"2047 Richmond Terrace, Staten Island, NY 10302",10302
"""El Macho"" Taquería & Restaurant",4.6,302,2,"402 Harrison Ave, Harrison, NJ 07029",7029
Melanie's Restaurant,4.3,433,1,"675 Mt Prospect Ave, Newark, NJ 07104",7104
Aroma De Cafe Restaurant & Bakery,4.5,473,1,"86 Passaic St, Garfield, NJ 07026",7026
Primabel Bar & Restaurant,4.4,310,2,"18 Hensler St, Newark, NJ 07105",7105
Bèl Nègès Restaurant,3.6,7,1,"2180 Bedford Ave, Brooklyn, NY 11226",11226
Lurin Restaurant,4,62,,"304 Frank E Rodgers Blvd N, Harrison, NJ 07029",7029
Tacombi,4.4,802,2,"74 Broad St, New York, NY 10004",10004
Angelos Deli & Restaurant,3.6,37,,"159 Union St, Hackensack, NJ 07601",7601
Las Esperanzas,4.3,167,1,"1738 John F. Kennedy Blvd, Jersey City, NJ 07305",7305
La Parada Dominicana Restaurant,4.1,574,1,"275 Park Ave, Newark, NJ 07107",7107
RESTAURANT EL MAGUEY,3.9,157,1,"3917 4th Ave, Brooklyn, NY 11232",11232
"Lorenzo’s Restaurant, Bar & Cabaret",4.3,493,2,"1100 South Ave, Staten Island, NY 10314",10314
Tu Pais Newark Restaurant,4.1,202,,"618 Broadway, Newark, NJ 07104",7104
Avila’s Taqueria & Restaurant,4.5,91,,"6611 Park Ave, West New York, NJ 07093",7093
Amanecer Restaurant And Lounge,4.2,94,2,"3666 Broadway, New York, NY 10031",10031
Curry Heights,4.1,652,2,"151 Remsen St, Brooklyn, NY 11201",11201
Koloman,4.4,267,1,"16 W 29th St, New York, NY 10001",10001
Dominick's Restaurant & Bar - Al Di La Caterers,4.3,506,2,"1 Hoboken Rd, East Rutherford, NJ 07073",7073
Teros Restaurant,4.3,338,2,"224 Ridge Rd, Lyndhurst, NJ 07071",7071
ROSALES RESTAURANT,4,35,,"158 Market St, Passaic, NJ 07055",7055
Tú Cocina Restaurant and Grill LLC,4,129,1,"214 Essex St, Hackensack, NJ 07601",7601
Golden Krust Caribbean Restaurant,3.6,168,1,"70 W 125th St, New York, NY 10027",10027
Istanbul Bay,4.3,975,2,"8002 5th Ave, Brooklyn, NY 11209",11209
El Sazon Mexican Restaurant,4.7,59,2,"454 Monroe St, Passaic, NJ 07055",7055
Amanda's,4.5,682,3,"908 Washington St A, Hoboken, NJ 07030",7030
Twist,4.6,306,3,"4202 3rd Ave, Brooklyn, NY 11232",11232
Sebas Restaurant and Bakery,4.2,191,2,"175 Main St, Ridgefield Park, NJ 07660",7660
Sushi Boy Japanese restaurant,4.2,175,2,"515 Midland Ave, Garfield, NJ 07026",7026
Seng Seafood Restaurant,4.2,116,,"39 E Broadway 2nd FL, New York, NY 10002",10002
Laico's,4.6,688,2,"67 Terhune Ave, Jersey City, NJ 07305",7305
Rapin Fritura Restaurant Newark,3.7,19,2,"55 Broadway, Newark, NJ 07104",7104
Dairy Palace,4.5,351,2,"2216 Victory Blvd, Staten Island, NY 10314",10314
Francesca Chinese Restaurant,4.1,111,,"2411 Bergenline Ave, Union City, NJ 07087",7087
Ñaños593 Restaurant & Grill,4.1,224,2,"4114 Park Ave, Weehawken, NJ 07086",7086
Pita Bowl- Restaurant,4.5,163,2,"174 Washington Ave, Nutley, NJ 07110",7110
"Max's Restaurant Jersey City, Cuisine of the Philippines",4.3,754,2,"687 Newark Ave, Jersey City, NJ 07306",7306
Little Italy Pizzeria & Restaurant,4.2,120,2,"27 Ridgefield Ave #2233, Ridgefield Park, NJ 07660",7660
Jai Dee Thai Brooklyn,4.3,172,1,"420 7th Ave, Brooklyn, NY 11215",11215
Aldys Restaurant,4.8,85,,"804 8th St, Union City, NJ 07087",7087
Blue Corn Restaurant,5,43,2,"6916 18th Ave, Brooklyn, NY 11204",11204
La Isla,4.2,109,1,"738 West Side Ave, Jersey City, NJ 07306",7306
Chef Chan Restaurant,4.4,206,1,"238 Paterson Ave, East Rutherford, NJ 07073",7073
Sol-Mar Restaurant,4.4,1940,2,"267 Ferry St, Newark, NJ 07105",7105
Castillo Restaurant,4,330,2,"4020 5th Ave, Brooklyn, NY 11232",11232
Cocina Latina Restaurant,4.1,166,1,"4986 Broadway, New York, NY 10034",10034
218,4.2,163,1,"218 Grand St, New York, NY 10013",10013
Los Jarritos,4,101,,"161 3rd St, Elizabeth, NJ 07206",7206
Mi Guatemala Restaurant,4.7,27,,"5018 Bergenline Ave, West New York, NJ 07093",7093
Alfaro’s Restaurant,4.2,37,,"8125 Bergenline Ave, North Bergen, NJ 07047",7047
El Olivo Restaurant & Cafe,4.1,208,1,"12 E Columbia Ave, Palisades Park, NJ 07650",7650
Lori Tavola Calda Restaurant & Catering,5,8,,"80 Centre St, Nutley, NJ 07110",7110
Chili's Grill & Bar,3.9,1952,2,"700 Plaza Dr, Secaucus, NJ 07094",7094
Mi Quisqueya,4.3,368,1,"365 Broadway, Bayonne, NJ 07002",7002
Upside Craft Burger,4.5,1091,2,"4621 13th Ave, Brooklyn, NY 11219",11219
Kings Arms Diner,4,882,1,"500 Forest Ave, Staten Island, NY 10310",10310
Bettie's Restaurant,4.2,83,,"579 West Side Ave, Jersey City, NJ 07304",7304
Trinity Place,4.4,1314,2,"115 Broadway, New York, NY 10006",10006
"BUNSIKNARA PLUS | Korean Restaurant in Little Ferry, NJ",4.6,301,2,"260 Bergen Turnpike Suite 3, Little Ferry, NJ 07643",7643
Maddy Rose Restaurant at Liberty House,3.5,18,,"76 Audrey Zapp Dr Floor 1, Jersey City, NJ 07305",7305
Honest Restaurant Clifton,3.8,376,2,"60 Main Ave, Clifton, NJ 07014",7014
Danna Restaurant,4.4,26,,"8214 John F. Kennedy Blvd, North Bergen, NJ 07047",7047
Los Bravos Restaurant 3rd St.,3.6,10,,"127 3rd St, Passaic, NJ 07055",7055
El Alazan Bar Restaurant,4.9,154,2,"252 Main St, Hackensack, NJ 07601",7601
Los Primos,3.9,428,1,"704 Grand St, Brooklyn, NY 11211",11211
The Williamsburg Restaurant,4.2,125,,"96 Wythe Ave, Brooklyn, NY 11249",11249
Tequila Restaurant,4.8,25,2,"8321 5th Ave, Brooklyn, NY 11209",11209
Boon Thai,4,127,2,"681 Manhattan Ave, Brooklyn, NY 11222",11222
809 Restaurant,3.9,127,2,"61 Market St, Passaic, NJ 07055",7055
Jorge's,3.7,471,1,"688 Seneca Ave, Queens, NY 11385",11385
Punto Paisa Piqueteadero Colombian Restaurant,4,310,2,"293 Ridge Rd, North Arlington, NJ 07031",7031
PortuCale Restaurant & Bar,4.5,1022,2,"129 Elm St, Newark, NJ 07105",7105
Mi Bella Colombia,4.2,265,1,"4512 Bergenline Ave, Union City, NJ 07087",7087
The Original Mr. Bruno's Pizzeria & Restaurant,4.1,657,2,"439 Valley Brook Ave, Lyndhurst, NJ 07071",7071
Sauce Restaurant,4.3,1064,2,"78 Rivington St, New York, NY 10002",10002
Antique Garage Soho,4.3,913,2,"41 Mercer St, New York, NY 10013",10013
Porto Leggero,4.4,707,3,"185 Hudson St, Jersey City, NJ 07311",7311
Abdullah,3.4,205,1,"91 Church Ave, Brooklyn, NY 11218",11218
Golden Krust Caribbean Restaurant,3.6,43,1,"86 E 98th St, Brooklyn, NY 11212",11212
Golden Eagle Restaurant,3.8,33,2,"515 Kearny Ave, Kearny, NJ 07032",7032
Pio Pio Cafe & Restaurant 63,4.1,409,1,"6300 Hudson Ave, West New York, NJ 07093",7093
AJ Shanghai Restaurant,4.3,194,1,"775 Riverside Ave, Lyndhurst, NJ 07071",7071
SAINT RESTAURANT BAR & SPEAKEASY,4.5,647,3,"136 2nd Ave, New York, NY 10003",10003
Akwaaba Restaurant,4.4,170,,"604 Parkside Ave, Brooklyn, NY 11226",11226
El Pollo Restaurant & Bar,4.2,1024,1,"560 Richmond Rd, Staten Island, NY 10304",10304
Rice & Beans,3.9,118,2,"234 4th Ave, Brooklyn, NY 11215",11215
Lugo's Restaurant & Lounge,4.5,443,2,"10-89 Cypress Ave, Queens, NY 11385",11385
Lakruwana Restaurant,4.6,860,2,"668 Bay St, Staten Island, NY 10304",10304
Mi Casa,4.3,399,1,"372 Communipaw Ave, Jersey City, NJ 07304",7304
La Reggia,4.5,363,2,"40 Wood Ave, Secaucus, NJ 07094",7094
A Gusto,3.9,233,2,"1450 Fulton St, Brooklyn, NY 11216",11216
Brasero Chicken Restaurant,4.3,46,1,"300 Passaic St, Passaic, NJ 07055",7055
Clifton Thai Restaurant,4.5,642,1,"239 Parker Ave, Clifton, NJ 07011",7011
Rocio's Restaurant,3.8,55,2,"115 Tonnelle Ave, Jersey City, NJ 07306",7306
Rocky's. Pizzeria & Restaurant,4.3,181,1,"420 Franklin Ave, Nutley, NJ 07110",7110
Castillo Restaurant,4.4,178,1,"68 Market St, Passaic, NJ 07055",7055
sky restaurant,4.1,48,,"50 Kenny Pl, Saddle Brook, NJ 07663",7663
First Oasis Restaurant,4.5,160,2,"9218 4th Ave, Brooklyn, NY 11209",11209
New Asha Sri Lanka Restaurant,4.7,348,1,"322 Victory Blvd, Staten Island, NY 10301",10301
Los Arcos Restaurant,3.7,358,2,"305 Monroe St, Passaic, NJ 07055",7055
Karina's Restaurant,4.1,807,1,"201 Ocean Ave A, Jersey City, NJ 07305",7305
New East Chinese Restaurant,3.9,207,1,"196 Main St, Hackensack, NJ 07601",7601
Taqueria Restaurant Oaxaca,4,134,1,"467 Central Ave, Jersey City, NJ 07307",7307
Jerkin Chicken Restaurant,3.8,323,1,"234 West Side Ave, Jersey City, NJ 07305",7305
Karam Restaurant,4.1,187,2,"8519 4th Ave, Brooklyn, NY 11209",11209
Cavalino's,4.7,228,2,"6800 Park Ave, Guttenberg, NJ 07093",7093
My Apartment Kitchen,4.1,265,2,"301 Avenue C, Bayonne, NJ 07002",7002
VIP RESTAURANT LLC BARSHAY'S,3.9,1813,1,"175 Sip Ave, Jersey City, NJ 07306",7306
San Francisco Cafe & Restaurant,4.2,86,,"6040 Harrison Pl, West New York, NJ 07093",7093
Frank,4.4,880,2,"88 2nd Ave, New York, NY 10003",10003
Halal Restaurant,4.1,47,,"1953-1955 Coney Island Ave floor #1, Brooklyn, NY 11223",11223
Eleni’s,4.5,391,4,"226 3rd Ave, New York, NY 10003",10003
El Patron Seafood & Restaurant,4.7,23,,"12 Myrtle Ave, Passaic, NJ 07055",7055
El Salvadorin,3.8,107,2,"4620 5th Ave, Brooklyn, NY 11220",11220
Mi Tierrita Restaurant,3.8,43,1,"252 Main St, Hackensack, NJ 07601",7601
Trattoria Pesce Pasta,4.6,470,2,"262 Bleecker St, New York, NY 10014",10014
Kimberly Restaurant,4.1,25,,"222 Bergen Blvd Unit #1, Fairview, NJ 07022",7022
Heavenly Chicken and Ribs,4.3,630,1,"555 Tonnelle Ave, Jersey City, NJ 07307",7307
China First Chinese Restaurant,4,99,1,"7 Franklin Ave, Nutley, NJ 07110",7110
Dominican Power Restaurant,4.4,438,1,"899 Broadway, Bayonne, NJ 07002",7002
M & K Spanish Restaurant,4.2,135,1,"56 Richmond Terrace, Staten Island, NY 10301",10301
Jacare Do Brasil Restaurant,4.7,67,2,"265 Second St, Elizabeth, NJ 07206",7206
Aji Limon Peruvian Restaurant,4,814,2,"1239 Main Ave, Clifton, NJ 07011",7011
Faros Restaurant,4,146,1,"95 Church Ave, Brooklyn, NY 11218",11218
Xiang Zhi,3.1,16,2,"53-22 7th Ave, Brooklyn, NY 11220",11220
Cafe Colonial Restaurant,4,1693,2,"2072 White Plains Rd, Bronx, NY 10462",10462
The Green Province Restaurant,4.5,112,2,"568 4th Ave, Brooklyn, NY 11215",11215
Golden Grill Restaurant,4.5,289,1,"1379 Queen Anne Rd, Teaneck, NJ 07666",7666
"Chew The Fat: Bar, Lounge, and Grill",4.5,65,2,"14614 Rockaway Blvd, Queens, NY 11436",11436
Hornitos Paterson Restaurant & Lounge,4.2,393,1,"487 21st Ave, Paterson, NJ 07513",7513
Steven Restaurant,3.9,181,2,"2233 Boston Rd, Bronx, NY 10467",10467
Ocho Rios Seafood Restaurant & Lounge,4.5,22,,"1810 Flatbush Ave, Brooklyn, NY 11210",11210
Pattanian Thai Restaurant,4.7,146,2,"64-02 Fresh Pond Rd, Queens, NY 11385",11385
Fulton Food Court,4.5,73,,"1178 Fulton St, Brooklyn, NY 11216",11216
Brasil & Brazil Restaurant,4.5,111,1,"147 Anderson Ave, Fairview, NJ 07022",7022
Chelsea Square Restaurant,4.2,1239,2,"368 W 23rd St, New York, NY 10011",10011
La Ilusion Cuban Restaurant,4.5,56,,"540 54th St, West New York, NJ 07093",7093
Zanmi,4.3,814,2,"1206 Nostrand Ave, Brooklyn, NY 11225",11225
Oriental Restaurant,4.1,24,,"465 Passaic St, Hackensack, NJ 07601",7601
B-52's Lounge & Restaurant,4.2,519,2,"200 N 2nd St, Harrison, NJ 07029",7029
Georgia Diner,4.1,3839,2,"80-26 Queens Blvd, Queens, NY 11373",11373
Guayas Cevicheria Restaurant,4.5,203,1,"538 N 11th St, Newark, NJ 07107",7107
15 Fox Place,4.7,187,,"15 Fox Pl, Jersey City, NJ 07306",7306
Le Coucou,4.5,1576,4,"138 Lafayette St, New York, NY 10013",10013
Q-BA Restaurant & Lounge,4.7,118,2,"119 Main Ave, Passaic, NJ 07055",7055
Cedric's at The Shed,4.6,100,,"545 W 30th St, New York, NY 10001",10001
CC'S Jamaican Restaurant,4.6,99,1,"1482 Flatbush Ave, Brooklyn, NY 11210",11210
4 Caminos Mexican Restaurant,4.1,184,2,"67-22 Fresh Pond Rd, Queens, NY 11385",11385
Pakshala Restaurant & Grill,5,151,2,"8120 Broadway, Queens, NY 11373",11373
Family Meal at Blue Hill,4.6,1143,4,"75 Washington Pl, New York, NY 10011",10011
La Posada Taqueria & Restaurant,4,444,2,"334 Monroe St, Passaic, NJ 07055",7055
CAFE TROPICAL RESTAURANT,4.1,78,1,"90 Anderson St, Hackensack, NJ 07601",7601
